name,channel_id
PyData,UCOjD18EJYcsBog4IozkF_7w
PyCascades,UCtWI06j1EADmEOGj2iJhSyA
PyData MCR,UCTCV2vonJgaQVb8AdMgdvCA
PyLondinium,UCTCV2vonJgaQVb8AdMgdvCA
PyData Montreal,UC2d_azMgPLw_8JzgbpNb2oQ
Deepmind,UCP7jMXSY2xbc3KCAE0MHQ-A
AICamp,UCj09XsAWj-RF9kY4UvBJh_A
NLPXing,UCuGC1JusVvbOGa__qMtH3QA
W&B,UCBp3w4DCEC64FZr4k9ROxig
London ML,UCpwC9QC0lWaEJ85MoMRFvrA
Yannic Kilcher,UCZHmQk67mSJgfCCTn7xBfew
ML Dojo,UCXvHuBMbgJw67i5vrMBBobA
ML OPS,UCG6qpjVnBTTT8wLGBygANOQ
TinyML,UC9iWqvsWjhowkHWVJquHwkg
AIEveryone,UCIpPdErVmb3sfCT6S8U3BwA
Wildlabs,UCrxw8iiyFalKHFNAhZYCAYA
Bhavesh,UC8ofcOdHNINiPrBA9D59Vaw
FSDL,UCVchfoB65aVtQiDITbGq2LQ
Zachary Mueller,UCmKoQOD8uBqsRS8XDdSgrlQ
Deeplearning,UCcIXc5mJsHVYTZR1maL5l9w
ECCV,UCKfreQYtL6GZSj9Zq5FRQGA
Daniel Bourke,UCr8O8l5cCX85Oem1d18EezQ
AI Guy,UCrydcKaojc44XnuXrfhlV8Q
MLSS,UCBOgpkDhQuYeVVjuzS5Wtxw
Matroid,UCR85FcguqcxLQ7XEg1byAtQ
Saturn Cloud,UCADT4bgaV94IVkpABEY7iiA
Altdeep,UCopQd3S1UGsEwqs5Dy2kQwg
Robert Monarch,UCjK2LOJJy9gomvzcfUFgdDA
CMU AI,UCLh3OUmBGe4wPyVZiI771ng
Corey Schafer,UCCezIgC97PvUuR4_gbFUs5g
PyCon US,UCMjMBMGt0WJQLeluw6qNJuA
Python Engineer,UCbXgNpp0jedKWcQiULLbDTA
SebastiaanMath%C3%B4t,UCji5VWDkGzuRenyRQZ9OpFQ
metrostarsystems,UCKpRsp7cmf1uoaphUQ98T6w
Talk Python to me ,UCKPSmMfDsXTKrCZApukcJ7A
Pycon Sweden ,UCH_2cuWzFMyCPvm75lJJ6wg
Flickthrough Weekly,UCpuDoeCqewjQW-sSI0jtLYQ
Python Basics,UCxs6S1svGP8w_p_eXdSs42A
PythonItalia,UC98CzaYuFNAA_gOINFB0e4Q
EnthoughtMedia,UCkhm72fuzkS9fYGlGpEmj7A
PyCon 2019,UCxs2IIVXaEHHA4BtTiWZ2mQ
PyOhio,UCYqdrfvhGxNW3vXebypqXoQ
PyCon AU,UCS9sdEyduD9K83K3GkvQlOA
PyLondinium ,UCHh7vOesookNhYvupCCcJxA
PyCon UK ,UChA9XP_feY1-1oSy2L7acog
PyBay/SFPython ,UC51aOZF5nnderbuar5D5ifw
Python Barcelona ,UCEhI2CfdT5--TYq47K4en4A
Sebastian Mathot ,UC6HfeAa0vWeSWS6IcNAjZ2A
Global AI community ,UCDVL0bPrZHwCeJrlyy-wxaQ
Remi Vezy ,UCxArXLI-gxlTmWGGgec5D7w
Alfredo Canziani ,UCupQLyNchb9-2Z5lmUOIijw
Real Python,UCBEShbs7rtE_ZjTmb6Jt5WA
The Julia Programming Language,UC9IuUwwE2xdjQUT_LMLONoA
Amazon MLU ,UC12LqyqTQYbXatYS9AA7Nuw
crashcourse,UCX6b17PVsYBQ0ip5gyeme-Q
lexfridman,UCSHZKyawb77ixDdsGog4iWA
KNIMETV,UCRbKmV_XYB7C12SPBokLVHQ
Jovian.ML ,UCmKaoNn0OvxVAe7f_8sXYNQ
AI Pursuit ,UCe_QLqna7cFtTCfZ0a8pycg
Seldon ,UCZq33lhQWAsd-8NDqOdjN_g
Henry AI Labs ,UCHB9VepY6kYvZjj0Bgxnpbw
ML Street Talk ,UCMLtBahI5DMrt0NPvDSoIRQ
Edge Intelligence ,UC7GI9yYFIwA66dLKwAxLJEg
DSF ,UCB02fDSj9GR4rhb1APMNclw
HuggingFace ,UCHlNU7kIZhRgSbhHvFoy72w
0xdata,UCk6ONJlPzjw3DohAeMSgsng
Anyscale ,UC7L1tZw52rtgmIB4fr_f40w
TwiML ,UC7kjWIK1H8tfmFlzZO-wHMw
Chai Time DS Podcast  ,UCRjtBP-o5FbgRzX2BHQEFtQ
Yves Hilpisch (Python Quants) ,UCSwSD4MeOxb-29ezJi39Xgw
2d3d.ai ,UCHObHaxTXKFyI_EI8HiQ5xw
keeroyz,UCbfYPyITQ-7l4upoX8nvctg
MLT,UC88RC_4egFjV9jfjBHwDuvg
What is AI ,UCUzGQrN-lyyc0BWTYoJM_Sg
deeplizard vlog,UC9cBIteC3u7Ee6bzeOcl_Og
NoahAdvisors,UCwn9hXx3vFJsV2GIePCO6QQ
PyTorch ,UCWXI5YeOsh03QvJ59PMaXFw
Tensorflow ,UC0rqucBdTuFTjJiefW5t-IQ
AlwaysAI ,UCtOaFDjfZQ_Gqa_MogHDuow
MBN Solutions ,UC8LpQpJIT39DLDJ9VR0yixg
Pascal Poupart ,UC7ZVvEo7-B7lA6LY2MVX72A
RegEx Software ,UCPAgsO-_xsTBslxMBvS5iAQ
beaconelearning,UCObs0kLIrDjX2LLSybqNaEA
Rasa ,UCJ0V6493mLvqdiVwOKWBODQ
StatQuest with Josh Starmer,UCtYLUTtgS3k1Fg4y5tAhLbw
nplan/ml paper club ,UCyRXlm2atZrHv9GtKM3kzbQ
CSB 3Blue1Brown,UCKSjnND_x7_Snqzn4mZP2Tw
Twiml community ,UCWtY0NYpa3hXbJprpt1qLbQ
Crazymuse Coding,UChssXLcvkJk4xNEbU7r0OxA
Andreas Mueller,UCGWwUL0LhOPpfu62HfFD8Yg
VentureBeat,UCjpaCHc1XIivGlFVLS2xXZg
krishnaik06,UCNU_lfiiWBdtULKOw6X0Dig
VulkovVenelin,UCoW_WzQNJVAjxo4osNAxd_g
Amii Intelligence ,UCxxisInVr7upxv1yUhSgdBA
WiDS Mumbai ,UCHGAwygtFWAonSYfjeUv0iA
Digital Cat ,UCJ70w0WzWjWerpk3utRcAKA
Danny Ma,UCGYPQz_qySbPESTK8k2ky5g
Brandon Rohrer,UCmWRF1AxelqS9hlbgI-SRWw
howardjeremyp,UCX7Y2qWriXpqocG97SFW2OQ
Applied Machine Learning Days,UC7kFLyCRK3gQmiSBaFRzgnA
NLP with Friends ,UCspapbPlDQn1Tc7Pym2KMTw
ReinforceConf ,UC2FX7UmiCtIOpWVT7156Gag
TVAIHub ,UCVlPeQjsKct9bXoC1Qlp1qA
ritvikmath,UCUcpVoi5KkJmnE3bvEhHR0Q
Databricks America Latina,UCjRjkk9nmIqSYwZ1zdxFw_g
fwdays,UC3NDbeN0Jq_InNAhiJtvHcQ
EdgeDB,UCRF82wX0EPwqvKMBwvB4fQg
ML Trainings,UCeq6ZIlvC9SVsfhfKnSvM9w
UCL Centre for Artificial Intelligence,UCvANXOHabXHBTqMY7PAhAzQ
NLP Zurich ,UCLLX-5j9UNYassOwS0nveDQ
PyCaret ,UCxA1YTYJ9BEeo50lxyI_B3g
MLConf ,UCjeM1xxYb_37bZfyparLS3Q
Deepest ,UC5dfn9m310oyt-cbeegfvZw
DS Portugal ,UCHh0Dt0uUKKJtdBvgGJB66A
bustbright,UCaZuPdmZ380SFUMKHVsv_AA
ML4ALL,UCfVG8K_0XyMh7r2162aDKJw
Jeff Heaton,UCR1-GEpyOPzT2AO4D_eifdw
WeCNLP ,UCa8JYaJrsUbMO8kWJt2B7LQ
MLTokyo,UCHu_MXNVDbvLHSLCc0O2__Q
sentdex,UCfzlCWGWYyIQ0aLC5w48gBQ
CodeEmporium,UC5_6ZD6s8klmMu9TXEB_1IA
Physics meets ML ,UCEugr9SHEXmvG8bg6e3y_bw
Joel Grus,UCQb7JgBXngKzI7YNB-KEZAA
Towards Data Science,UCuHZ1UYfHRqk3-5N5oc97Kw
van der Schaar Lab,UCAoqSXzXmXht0hFaxNqK9Tw
Ochieng Grivine (Nairobi) ,UCUS0WnK3cQZlfUC_2-AI8lw
Deep Learning at University of Wisconsin,UCayl3MLmCHolyDMt43qg3WA
MicrosoftResearch,UCCb9_Kn8F_Opb3UCGm-lILQ
Bugout Dev ,UCLVwTlHSiTl05av2GIDPtvQ
OctoML ,UCbUrHpUyw2q5s-oe6t8ljnA
Comarl ,UCGlIUMgFMYGNKuVyF97ltUQ
CLSP (JHU) ,UCWWiAEF7PMk-OK0-rwGITIg
TheOfficialACM,UCPyA0XmU6aS4JCwVoIBTmIQ
ACM RecSys ,UC2nEn-yNA1BtdDNWziphPGA
Jay Alammar ,UCmOwsoHty5PrmE-3QhUBfPQ
Radical AI ,UCdZT3AdtIHfM8kX6FFSKkxQ
Friends of Tracking ,UCUBFJYcag8j2rm_9HkrrA7w
Data Professor,UChKzoer7YnOKN6N1H9XSvbA
Tina Huang ,UC2UXDak6o7rBm23k3Vv5dww
codebasics Hindi,UCTmFBhuhMibVoSfYom1uXEg
AndrewMoMoney,UC23emuGbNM7twofQIrEgPBQ
NVIDIADeveloper,UCBHcMCGaiJhv-ESTcWGJPcw
ClearML,UCDYdA4hjckRLRVBrCoKenCQ
Data Umbrella,UC4mrlyLbUN2q92W7P0u_Nzg
InstaDeep ,UCTEgowmo98A-VI53vwmkmhg
DataScience.LA,UCJ4D3tL-iEWyJJDXJAsd9Mw
Chicago ML ,UCH99twkwBNwN-IBQjoHwdCQ
NY AI School ,UCa3zFn8tzw6GaBKZUzifM9A
Data Festival ,UCYuxbq0trkgoaoN72eJi8dA
RichardOnData,UCKPyg5gsnt6h0aA8EBw3i6A
DataPhilly ,UCvwDejnW-Q49xEb667JqS-g
AIP Riken ,UCipPccqvcfychKNOaYUokyQ
Richard Foster (MKAI) ,UC62ScVTFf3GpDC5gXDesfEQ
ValleML ,UCY15whY8GyA3DgjZFPdHfAQ
Data Science Cornwall ,UCMxUmQFr0_dyW8JTLDiOeNQ
OMLDS ,UCoTuN2KVQHpnAOO9nM9354Q
Hudson & Thames ,UC8hI87gt0dmTAIEupEcsckA
quantinsti,UC8kXgHG13XdgsigIPRmrIyA
Hong Kong ML ,UCywHr2wSEj3Fl0u81OIzEoQ
IgorCarron,UCxf84jD_A9VwM1YbziJgNLg
Better Data Science ,UCzwWYDA9IuJ7iFrvbZsvRwQ
Graph Neural Networks ,UCnmuSDY1pTlaFH1WRQElfTg
AI3SD ,UCXOkV943dmo6rSiVlo7lsBw
Smaail Jinaai,UCiaBN_WC-NzRZAM_MH1rjpA
DVC Org ,UC37rp97Go-xIX3aNFVHhXfQ
zedstatistics,UC6AVa0vSrCpuskzGDDKz_EQ
UKDATASERVICE,UCuHmFA7iAlct9eNgEE1a_BA
AI for Good,UC4e35vN3-tSBZMNLE-wm45A
Mrs Taylors Math ,UCvsgQp-CBn7qzjk6c4Pwoig
Story By Data ,UCU9GTVEPqlSNRDHypVf3BRw
QuantUniversity ,UCRlFeeFaSk7JiCSBYcFffGQ
Daytum ,UCzXrjXfB1eSUNuw1O_GtFyQ
London Business Analytics Group,UCfXiJFEcztTpMmEDT0I8cPg
Data Vault ,UCdhSsZWTwkX1-v8EX84WLYg
DataTalks.Club ,UCDvErgK0j5ur3aLgn6U-LqQ
Locally Optimistic ,UC13e1OgG_dOE3BI481swWPg
SpartacanUsuals,UC3tFZR3eL1bDY8CqZDOQh-w
bigmlcom,UCF5I48kcveCCTjX2PG4nOXw
Data Council,UCAezwIIm1SfsqdmbQI-65pA
Online Causal Inference ,UCiiOj5GSES6uw21kfXnxj3A
Jean Golding Institute (Bristol) ,UCNYDS8tsCxZT0dYShMASPMg
Inference Podcast ,UCU-KsNFmnZ_v3RZ7MKvCzDg
ITConnect,UCKsm2e3OWiWAvaxjN1HitZQ
Are you a robot ,UCzGSxIDNn8y856c6b2DkOOg
ACM IKDD ,UCKSVa5Qf5xt1uFVsAPLAlcQ
John Snow Labs ,UCmFOjlpYEhxf_wJUDuz6xxQ
AI Guild ,UCTOUs2QL5qEnh_Y10Y4lhEw
PRAIRIE ,UCckAS10l0cnVW9s9_ZWv8NQ
Seattle data guy ,UCmLGJ3VYBcfRaWbP6JLJcpA
Neuralmagic ,UCo8dO_WMGYbWCRnj_Dxr4EA
Vision & Graphics MIT ,UCLMiFkFyfcNnZs6iwYLPI9g
Mirco Ravanelli ,UCuILYomPibJ9KW1s2iLLQgg
MATLAB TECH,UCqxN6Il73l0uy-pwSTuht-A
ContinualAI,UCD9_bqN3gX-TLxcr47vvMmA
AI42 ,UCYSVVM0ASUGDTeontl4pbxA
jumbofrog,UCtrUiwbKV9K11jGz2ogGosg
