index,text,url,type
0,PyData - https://www.youtube.com/user/PyDataTV/videos,https://www.youtube.com/user/PyDataTV/videos,user
1,PyData Montreal - https://youtube.com/channel/UC2d_azMgPLw_8JzgbpNb2oQ,https://youtube.com/channel/UC2d_azMgPLw_8JzgbpNb2oQ,channel
2,PyData MCR - https://www.youtube.com/channel/UCTCV2vonJgaQVb8AdMgdvCA/videos ,https://www.youtube.com/channel/UCTCV2vonJgaQVb8AdMgdvCA/videos,channel
3,PyData DC (MetroStar systems)- https://youtube.com/user/metrostarsystems,https://youtube.com/user/metrostarsystems,user
4,PyData Pune - https://www.youtube.com/channel/UCEnagt088yX-ruTalg-GJeQ/videos ,https://www.youtube.com/channel/UCEnagt088yX-ruTalg-GJeQ/videos,channel
5,Cory Schafer - https://www.youtube.com/c/Coreyms/videos,https://www.youtube.com/c/Coreyms/videos,custom
6,Talk Python to me - https://www.youtube.com/channel/UCKPSmMfDsXTKrCZApukcJ7A/videos,https://www.youtube.com/channel/UCKPSmMfDsXTKrCZApukcJ7A/videos,channel
7,Pycon Sweden - https://www.youtube.com/channel/UCH_2cuWzFMyCPvm75lJJ6wg/videos,https://www.youtube.com/channel/UCH_2cuWzFMyCPvm75lJJ6wg/videos,channel
8,Cheukting Ho - https://www.youtube.com/channel/UCie_J9IohYO4hSsz4O2mDfQ/videos,https://www.youtube.com/channel/UCie_J9IohYO4hSsz4O2mDfQ/videos,channel
9,Python Engineer - https://www.youtube.com/c/PythonEngineer/videos,https://www.youtube.com/c/PythonEngineer/videos,custom
10,Python Programmer - https://www.youtube.com/c/FlickThrough/videos,https://www.youtube.com/c/FlickThrough/videos,custom
11,Python Talks - https://www.youtube.com/channel/UCKPSmMfDsXTKrCZApukcJ7A/videos,https://www.youtube.com/channel/UCKPSmMfDsXTKrCZApukcJ7A/videos,channel
12,Python basics - https://www.youtube.com/c/PythonBasics/videos,https://www.youtube.com/c/PythonBasics/videos,custom
13,EuroPython - https://www.youtube.com/user/PythonItalia/playlists,https://www.youtube.com/user/PythonItalia/playlists,user
14,Europython conference - https://www.youtube.com/channel/UC98CzaYuFNAA_gOINFB0e4Q,https://www.youtube.com/channel/UC98CzaYuFNAA_gOINFB0e4Q,channel
15,Scipy 2020 - https://www.youtube.com/user/EnthoughtMedia/playlists,https://www.youtube.com/user/EnthoughtMedia/playlists,user
16,PyCon 2015- https://www.youtube.com/c/pycon2015 ,https://www.youtube.com/c/pycon2015,custom
17,PyCon 2016 - https://www.youtube.com/c/pycon2016 ,https://www.youtube.com/c/pycon2016,custom
18,PyCon 2017 - https://www.youtube.com/c/pycon2017/videos,https://www.youtube.com/c/pycon2017/videos,custom
19,pyCon 2018 - https://www.youtube.com/channel/UCsX05-2sVSH7Nx3zuk3NYuQ,https://www.youtube.com/channel/UCsX05-2sVSH7Nx3zuk3NYuQ,channel
20,PyCon 2019 - https://www.youtube.com/c/PyCon2019 ,https://www.youtube.com/c/PyCon2019,custom
21,PyCon 2020 - https://www.youtube.com/c/PyCon2020/videos,https://www.youtube.com/c/PyCon2020/videos,custom
22,PyCon UK - hhttps://www.youtube.com/channel/UChA9XP_feY1-1oSy2L7acog/videos,https://www.youtube.com/channel/UChA9XP_feY1-1oSy2L7acog/videos,channel
23,PyOhio - https://www.youtube.com/c/PyOhio/videos,https://www.youtube.com/c/PyOhio/videos,custom
24,PyConAU - https://www.youtube.com/c/PyConAU/playlists,https://www.youtube.com/c/PyConAU/playlists,custom
25,PyLondinium - https://www.youtube.com/channel/UCHh7vOesookNhYvupCCcJxA/videos,https://www.youtube.com/channel/UCHh7vOesookNhYvupCCcJxA/videos,channel
26,PyBay/SFPython - https://www.youtube.com/channel/UC51aOZF5nnderbuar5D5ifw/videos,https://www.youtube.com/channel/UC51aOZF5nnderbuar5D5ifw/videos,channel
27,Python Barcelona - https://www.youtube.com/channel/UCEhI2CfdT5--TYq47K4en4A,https://www.youtube.com/channel/UCEhI2CfdT5--TYq47K4en4A,channel
28,PyConDE - https://youtube.com/c/PyConDE,https://youtube.com/c/PyConDE,custom
29,Sebastian Mathot - https://www.youtube.com/channel/UC6HfeAa0vWeSWS6IcNAjZ2A,https://www.youtube.com/channel/UC6HfeAa0vWeSWS6IcNAjZ2A,channel
30,PyCascades - https://youtube.com/c/PyCascades,https://youtube.com/c/PyCascades,custom
31,Real Python - https://youtube.com/c/realpython,https://youtube.com/c/realpython,custom
32,Julia Language - https://youtube.com/c/TheJuliaLanguage,https://youtube.com/c/TheJuliaLanguage,custom
33,Remi Vezy - https://www.youtube.com/channel/UCxArXLI-gxlTmWGGgec5D7w/videos,https://www.youtube.com/channel/UCxArXLI-gxlTmWGGgec5D7w/videos,channel
34,Alfredo Canziani - NYU - https://www.youtube.com/channel/UCupQLyNchb9-2Z5lmUOIijw/videos,https://www.youtube.com/channel/UCupQLyNchb9-2Z5lmUOIijw/videos,channel
38,Amazon MLU - https://www.youtube.com/channel/UC12LqyqTQYbXatYS9AA7Nuw/playlists,https://www.youtube.com/channel/UC12LqyqTQYbXatYS9AA7Nuw/playlists,channel
42,Crash Course (maths/stats/AI) - https://www.youtube.com/user/crashcourse/playlists ,https://www.youtube.com/user/crashcourse/playlists,user
43,Deepmind - https://www.youtube.com/channel/UCP7jMXSY2xbc3KCAE0MHQ-A/videos,https://www.youtube.com/channel/UCP7jMXSY2xbc3KCAE0MHQ-A/videos,channel
45,AI Core - https://www.youtube.com/channel/UCbPDqVPqfu_VyNiy7v1YSgg/videos,https://www.youtube.com/channel/UCbPDqVPqfu_VyNiy7v1YSgg/videos,channel
46,AICamp - https://www.youtube.com/channel/UCj09XsAWj-RF9kY4UvBJh_A/videos,https://www.youtube.com/channel/UCj09XsAWj-RF9kY4UvBJh_A/videos,channel
47,CellStrat - https://www.youtube.com/channel/UCqrJHjXEHEOhK5333IX0ElA/videos,https://www.youtube.com/channel/UCqrJHjXEHEOhK5333IX0ElA/videos,channel
48,NLPXing 幸 - https://www.youtube.com/channel/UCuGC1JusVvbOGa__qMtH3QA/videos,https://www.youtube.com/channel/UCuGC1JusVvbOGa__qMtH3QA/videos,channel
49,Qwiklabs - https://www.youtube.com/channel/UCgadTofKslPYREQE8TjY7AA,https://www.youtube.com/channel/UCgadTofKslPYREQE8TjY7AA,channel
50,BigData LDN - https://www.youtube.com/channel/UCFbY6n5Ge7PJ98AtnMcD2eA ,https://www.youtube.com/channel/UCFbY6n5Ge7PJ98AtnMcD2eA,channel
51,Global AI community - https://www.youtube.com/channel/UCDVL0bPrZHwCeJrlyy-wxaQ,https://www.youtube.com/channel/UCDVL0bPrZHwCeJrlyy-wxaQ,channel
52,Lex Fridman - https://www.youtube.com/user/lexfridman,https://www.youtube.com/user/lexfridman,user
53,Knime https://www.youtube.com/user/KNIMETV/videos,https://www.youtube.com/user/KNIMETV/videos,user
54,skyl.ai https://www.youtube.com/channel/UCpXGqU-L8NmlXNZ5fKbCxzg/videos,https://www.youtube.com/channel/UCpXGqU-L8NmlXNZ5fKbCxzg/videos,channel
55,W&B - https://www.youtube.com/channel/UCBp3w4DCEC64FZr4k9ROxig/videos,https://www.youtube.com/channel/UCBp3w4DCEC64FZr4k9ROxig/videos,channel
56,Jovian.ML - https://www.youtube.com/channel/UCmKaoNn0OvxVAe7f_8sXYNQ/videos,https://www.youtube.com/channel/UCmKaoNn0OvxVAe7f_8sXYNQ/videos,channel
57,London ML Meetup - https://www.youtube.com/channel/UCpwC9QC0lWaEJ85MoMRFvrA,https://www.youtube.com/channel/UCpwC9QC0lWaEJ85MoMRFvrA,channel
58,AI Pursuit - https://www.youtube.com/channel/UCe_QLqna7cFtTCfZ0a8pycg/playlists,https://www.youtube.com/channel/UCe_QLqna7cFtTCfZ0a8pycg/playlists,channel
59,Seldon - https://www.youtube.com/channel/UCZq33lhQWAsd-8NDqOdjN_g/videos,https://www.youtube.com/channel/UCZq33lhQWAsd-8NDqOdjN_g/videos,channel
60,Yannic Kilcher - https://www.youtube.com/channel/UCZHmQk67mSJgfCCTn7xBfew/videos ,https://www.youtube.com/channel/UCZHmQk67mSJgfCCTn7xBfew/videos,channel
61,Henry AI Labs - https://www.youtube.com/channel/UCHB9VepY6kYvZjj0Bgxnpbw/videos,https://www.youtube.com/channel/UCHB9VepY6kYvZjj0Bgxnpbw/videos,channel
62,ML Street Talk - https://www.youtube.com/channel/UCMLtBahI5DMrt0NPvDSoIRQ/videos,https://www.youtube.com/channel/UCMLtBahI5DMrt0NPvDSoIRQ/videos,channel
63,ML Dojo - https://www.youtube.com/channel/UCXvHuBMbgJw67i5vrMBBobA/videos,https://www.youtube.com/channel/UCXvHuBMbgJw67i5vrMBBobA/videos,channel
64,MLOps - https://www.youtube.com/channel/UCG6qpjVnBTTT8wLGBygANOQ/videos,https://www.youtube.com/channel/UCG6qpjVnBTTT8wLGBygANOQ/videos,channel
65,Edge Intelligence - https://www.youtube.com/channel/UC7GI9yYFIwA66dLKwAxLJEg,https://www.youtube.com/channel/UC7GI9yYFIwA66dLKwAxLJEg,channel
66,DSF - https://www.youtube.com/channel/UCB02fDSj9GR4rhb1APMNclw/videos,https://www.youtube.com/channel/UCB02fDSj9GR4rhb1APMNclw/videos,channel
67,TinyML - https://www.youtube.com/channel/UC9iWqvsWjhowkHWVJquHwkg/videos,https://www.youtube.com/channel/UC9iWqvsWjhowkHWVJquHwkg/videos,channel
68,HuggingFace - https://www.youtube.com/channel/UCHlNU7kIZhRgSbhHvFoy72w/featured,https://www.youtube.com/channel/UCHlNU7kIZhRgSbhHvFoy72w/featured,channel
69,h20 - https://www.youtube.com/user/0xdata/videos,https://www.youtube.com/user/0xdata/videos,user
70,Anyscale - https://www.youtube.com/channel/UC7L1tZw52rtgmIB4fr_f40w/videos,https://www.youtube.com/channel/UC7L1tZw52rtgmIB4fr_f40w/videos,channel
71,DSF - https://www.youtube.com/channel/UCB02fDSj9GR4rhb1APMNclw/videos,https://www.youtube.com/channel/UCB02fDSj9GR4rhb1APMNclw/videos,channel
72,TwiML - podcast - https://www.youtube.com/channel/UC7kjWIK1H8tfmFlzZO-wHMw/videos,https://www.youtube.com/channel/UC7kjWIK1H8tfmFlzZO-wHMw/videos,channel
73,Chai Time DS Podcast  - https://www.youtube.com/channel/UCRjtBP-o5FbgRzX2BHQEFtQ/videos,https://www.youtube.com/channel/UCRjtBP-o5FbgRzX2BHQEFtQ/videos,channel
74,Abhishek Thakur - https://www.youtube.com/user/abhisheksvnit/videos,https://www.youtube.com/user/abhisheksvnit/videos,user
75,KonfHub Tech - https://www.youtube.com/channel/UCN45i8avHdOVqVVJMalx9tQ/videos,https://www.youtube.com/channel/UCN45i8avHdOVqVVJMalx9tQ/videos,channel
76,Freecodecamp - https://www.youtube.com/channel/UC8butISFwT-Wl7EV0hUK0BQ/videos,https://www.youtube.com/channel/UC8butISFwT-Wl7EV0hUK0BQ/videos,channel
77,VIT GDG - https://www.youtube.com/channel/UCvT-ZJF7fXHJi9kDeCPR-zg/videos,https://www.youtube.com/channel/UCvT-ZJF7fXHJi9kDeCPR-zg/videos,channel
78,Usha Rengaraju/GDG Mysore - https://www.youtube.com/channel/UChr1xW6wSq4sxUgAlgv9PZQ/videos,https://www.youtube.com/channel/UChr1xW6wSq4sxUgAlgv9PZQ/videos,channel
79,AI for Anyone - https://www.youtube.com/channel/UCIpPdErVmb3sfCT6S8U3BwA/videos,https://www.youtube.com/channel/UCIpPdErVmb3sfCT6S8U3BwA/videos,channel
80,Yves Hilpisch (Python Quants) - https://www.youtube.com/channel/UCSwSD4MeOxb-29ezJi39Xgw/videos ,https://www.youtube.com/channel/UCSwSD4MeOxb-29ezJi39Xgw/videos,channel
81,2d3d.ai - https://www.youtube.com/channel/UCHObHaxTXKFyI_EI8HiQ5xw/videos,https://www.youtube.com/channel/UCHObHaxTXKFyI_EI8HiQ5xw/videos,channel
82,2 minute papers - https://www.youtube.com/user/keeroyz/videos,https://www.youtube.com/user/keeroyz/videos,user
83,Wildlabs - https://www.youtube.com/channel/UCrxw8iiyFalKHFNAhZYCAYA/videos,https://www.youtube.com/channel/UCrxw8iiyFalKHFNAhZYCAYA/videos,channel
84,Bhavesh Bhatt - https://www.youtube.com/channel/UC8ofcOdHNINiPrBA9D59Vaw/videos,https://www.youtube.com/channel/UC8ofcOdHNINiPrBA9D59Vaw/videos,channel
85,Bhavesh Bhatt - https://www.youtube.com/channel/UCo_uTt4go2qs8xOJaUgsiiw/videos,https://www.youtube.com/channel/UCo_uTt4go2qs8xOJaUgsiiw/videos,channel
86,MLT https://www.youtube.com/channel/UC88RC_4egFjV9jfjBHwDuvg/videos,https://www.youtube.com/channel/UC88RC_4egFjV9jfjBHwDuvg/videos,channel
87,Full Stack Deep Learning - https://www.youtube.com/channel/UCVchfoB65aVtQiDITbGq2LQ/videos,https://www.youtube.com/channel/UCVchfoB65aVtQiDITbGq2LQ/videos,channel
88,What is AI - https://www.youtube.com/channel/UCUzGQrN-lyyc0BWTYoJM_Sg/videos,https://www.youtube.com/channel/UCUzGQrN-lyyc0BWTYoJM_Sg/videos,channel
89,Colearning Lounge - https://www.youtube.com/c/ColearningLounge/videos,https://www.youtube.com/c/ColearningLounge/videos,custom
90,Zachary Mueller - https://www.youtube.com/channel/UCmKoQOD8uBqsRS8XDdSgrlQ/videos,https://www.youtube.com/channel/UCmKoQOD8uBqsRS8XDdSgrlQ/videos,channel
91,Deeplizard - https://www.youtube.com/c/deeplizard/videos,https://www.youtube.com/c/deeplizard/videos,custom
92,London Machine Learning Meetup - https://www.youtube.com/channel/UCpwC9QC0lWaEJ85MoMRFvrA/videos,https://www.youtube.com/channel/UCpwC9QC0lWaEJ85MoMRFvrA/videos,channel
93,Deepmind - https://www.youtube.com/channel/UCP7jMXSY2xbc3KCAE0MHQ-A/videos,https://www.youtube.com/channel/UCP7jMXSY2xbc3KCAE0MHQ-A/videos,channel
94,Noah conference - https://www.youtube.com/user/NoahAdvisors/videos,https://www.youtube.com/user/NoahAdvisors/videos,user
95,Deeplearning.ai - https://www.youtube.com/channel/UCcIXc5mJsHVYTZR1maL5l9w/videos,https://www.youtube.com/channel/UCcIXc5mJsHVYTZR1maL5l9w/videos,channel
96,PyTorch - https://www.youtube.com/channel/UCWXI5YeOsh03QvJ59PMaXFw/videos,https://www.youtube.com/channel/UCWXI5YeOsh03QvJ59PMaXFw/videos,channel
97,Tensorflow - https://www.youtube.com/channel/UC0rqucBdTuFTjJiefW5t-IQ/videos,https://www.youtube.com/channel/UC0rqucBdTuFTjJiefW5t-IQ/videos,channel
98,AlwaysAI - https://www.youtube.com/channel/UCtOaFDjfZQ_Gqa_MogHDuow/videos,https://www.youtube.com/channel/UCtOaFDjfZQ_Gqa_MogHDuow/videos,channel
99,ECCV - https://www.youtube.com/channel/UCKfreQYtL6GZSj9Zq5FRQGA/videos,https://www.youtube.com/channel/UCKfreQYtL6GZSj9Zq5FRQGA/videos,channel
100,AI Pursuit - https://www.youtube.com/c/AIPursuit/videos,https://www.youtube.com/c/AIPursuit/videos,custom
101,MBN Solutions - https://www.youtube.com/channel/UC8LpQpJIT39DLDJ9VR0yixg/videos,https://www.youtube.com/channel/UC8LpQpJIT39DLDJ9VR0yixg/videos,channel
102,Pascal Poupart - https://www.youtube.com/channel/UC7ZVvEo7-B7lA6LY2MVX72A/videos,https://www.youtube.com/channel/UC7ZVvEo7-B7lA6LY2MVX72A/videos,channel
103,RegEx Software - https://www.youtube.com/channel/UCPAgsO-_xsTBslxMBvS5iAQ/videos,https://www.youtube.com/channel/UCPAgsO-_xsTBslxMBvS5iAQ/videos,channel
104,Great Learning - https://www.youtube.com/user/beaconelearning/videos,https://www.youtube.com/user/beaconelearning/videos,user
105,Rasa - https://www.youtube.com/channel/UCJ0V6493mLvqdiVwOKWBODQ/videos,https://www.youtube.com/channel/UCJ0V6493mLvqdiVwOKWBODQ/videos,channel
106,StatQuest - https://www.youtube.com/c/joshstarmer/videos,https://www.youtube.com/c/joshstarmer/videos,custom
107,nplan/ml paper club - https://www.youtube.com/channel/UCyRXlm2atZrHv9GtKM3kzbQ/videos,https://www.youtube.com/channel/UCyRXlm2atZrHv9GtKM3kzbQ/videos,channel
108,3blue1brown - https://www.youtube.com/c/3blue1brown/videos,https://www.youtube.com/c/3blue1brown/videos,custom
109,Full Stack Deep Learning - https://www.youtube.com/c/FullStackDeepLearning/playlists,https://www.youtube.com/c/FullStackDeepLearning/playlists,custom
110,Twiml community - https://www.youtube.com/channel/UCWtY0NYpa3hXbJprpt1qLbQ/videos,https://www.youtube.com/channel/UCWtY0NYpa3hXbJprpt1qLbQ/videos,channel
111,CrazyMuse - https://www.youtube.com/c/Crazymuse/videos,https://www.youtube.com/c/Crazymuse/videos,custom
112,Andreas Mueller - https://www.youtube.com/c/AndreasMueller/videos ,https://www.youtube.com/c/AndreasMueller/videos,custom
113,ODSC - https://www.youtube.com/c/OpenDataScienceCon/videos,https://www.youtube.com/c/OpenDataScienceCon/videos,custom
114,VentureBeat - https://www.youtube.com/c/VentureBeat/videos,https://www.youtube.com/c/VentureBeat/videos,custom
115,Kris Naik - https://www.youtube.com/user/krishnaik06/videos,https://www.youtube.com/user/krishnaik06/videos,user
116,iNeuron Intelligence - https://www.youtube.com/channel/UCb1GdqUqArXMQ3RS86lqqOw/videos,https://www.youtube.com/channel/UCb1GdqUqArXMQ3RS86lqqOw/videos,channel
117,Venelin Valkov - https://www.youtube.com/user/VulkovVenelin/videos,https://www.youtube.com/user/VulkovVenelin/videos,user
118,Daniel Bourke - https://www.youtube.com/channel/UCr8O8l5cCX85Oem1d18EezQ/videos,https://www.youtube.com/channel/UCr8O8l5cCX85Oem1d18EezQ/videos,channel
119,The AI Guy - https://www.youtube.com/channel/UCrydcKaojc44XnuXrfhlV8Q/videos,https://www.youtube.com/channel/UCrydcKaojc44XnuXrfhlV8Q/videos,channel
120,Amii Intelligence - https://www.youtube.com/channel/UCxxisInVr7upxv1yUhSgdBA/videos,https://www.youtube.com/channel/UCxxisInVr7upxv1yUhSgdBA/videos,channel
121,MLSS Moscow 2019 - https://www.youtube.com/channel/UCrZIqL5pqD91LgHsk0LAb5Q/playlists,https://www.youtube.com/channel/UCrZIqL5pqD91LgHsk0LAb5Q/playlists,channel
122,MLSS Germany 2020 - https://www.youtube.com/channel/UCBOgpkDhQuYeVVjuzS5Wtxw/videos,https://www.youtube.com/channel/UCBOgpkDhQuYeVVjuzS5Wtxw/videos,channel
123,ML Learning with Phil - https://www.youtube.com/c/MachineLearningwithPhil/videos,https://www.youtube.com/c/MachineLearningwithPhil/videos,custom
124,WiDS Mumbai - https://www.youtube.com/channel/UCHGAwygtFWAonSYfjeUv0iA/videos,https://www.youtube.com/channel/UCHGAwygtFWAonSYfjeUv0iA/videos,channel
125,Julia - https://www.youtube.com/c/TheJuliaLanguage/videos,https://www.youtube.com/c/TheJuliaLanguage/videos,custom
126,Digital Cat - https://www.youtube.com/channel/UCJ70w0WzWjWerpk3utRcAKA/videos,https://www.youtube.com/channel/UCJ70w0WzWjWerpk3utRcAKA/videos,channel
127,Danny Ma - https://www.youtube.com/c/DannyMa/videos,https://www.youtube.com/c/DannyMa/videos,custom
129,Brandon Roher - https://www.youtube.com/c/BrandonRohrer/videos,https://www.youtube.com/c/BrandonRohrer/videos,custom
131,Amazon MLU - https://www.youtube.com/channel/UC12LqyqTQYbXatYS9AA7Nuw/playlists,https://www.youtube.com/channel/UC12LqyqTQYbXatYS9AA7Nuw/playlists,channel
132,Smiles ML Summer School Russia- https://www.youtube.com/c/SMILESSummerSchoolofMachineLearningatSK/videos,https://www.youtube.com/c/SMILESSummerSchoolofMachineLearningatSK/videos,custom
133,Jeremy Howard - https://www.youtube.com/user/howardjeremyp/videos,https://www.youtube.com/user/howardjeremyp/videos,user
134,Elvis Saravia - https://www.youtube.com/c/OmarSar27/videos,https://www.youtube.com/c/OmarSar27/videos,custom
135,AMLD - https://www.youtube.com/c/AppliedMachineLearningDays/vidoes ,https://www.youtube.com/c/AppliedMachineLearningDays/vidoes,custom
136,NLP with Friends - https://www.youtube.com/channel/UCspapbPlDQn1Tc7Pym2KMTw,https://www.youtube.com/channel/UCspapbPlDQn1Tc7Pym2KMTw,channel
137,ReinforceConf - https://www.youtube.com/channel/UC2FX7UmiCtIOpWVT7156Gag,https://www.youtube.com/channel/UC2FX7UmiCtIOpWVT7156Gag,channel
138,ML TV - https://www.youtube.com/c/MachineLearningTV/videos,https://www.youtube.com/c/MachineLearningTV/videos,custom
139,bycloud - https://www.youtube.com/c/bycloudAI/videos,https://www.youtube.com/c/bycloudAI/videos,custom
140,Sebastian Raschka - https://www.youtube.com/c/SebastianRaschka,https://www.youtube.com/c/SebastianRaschka,custom
141,Rework - https://www.youtube.com/c/Re-workCo/videos,https://www.youtube.com/c/Re-workCo/videos,custom
142,TVAIHub - https://www.youtube.com/channel/UCVlPeQjsKct9bXoC1Qlp1qA/videos ,https://www.youtube.com/channel/UCVlPeQjsKct9bXoC1Qlp1qA/videos,channel
144,Ritvik - https://www.youtube.com/c/ritvikmath,https://www.youtube.com/c/ritvikmath,custom
145,OpenMinded - https://www.youtube.com/c/OpenMinedOrg/videos ,https://www.youtube.com/c/OpenMinedOrg/videos,custom
146,GeeksLesson - https://www.youtube.com/c/GeeksLesson/videos ,https://www.youtube.com/c/GeeksLesson/videos,custom
147,AI Tech North - https://www.youtube.com/channel/UCDMsGkE4ejeakMo7QtJD7Tw/videos,https://www.youtube.com/channel/UCDMsGkE4ejeakMo7QtJD7Tw/videos,channel
148,Databricks - https://www.youtube.com/c/Databricks/videos      https://vimeo.com/databricks,https://www.youtube.com/c/Databricks/videos,custom
149,Spacy/Explosion - https://www.youtube.com/c/ExplosionAI/videos,https://www.youtube.com/c/ExplosionAI/videos,custom
150,fwdays - https://www.youtube.com/user/fwdays/videos,https://www.youtube.com/user/fwdays/videos,user
151,EdgeDB - https://www.youtube.com/c/EdgeDB/videos ,https://www.youtube.com/c/EdgeDB/videos,custom
152,ML Trainings- https://www.youtube.com/channel/UCeq6ZIlvC9SVsfhfKnSvM9w/videos ,https://www.youtube.com/channel/UCeq6ZIlvC9SVsfhfKnSvM9w/videos,channel
153,ODS.AI  = https://www.youtube.com/channel/UCM9ECBAZtlLeEr-m3ldZ7Tw/playlists ,https://www.youtube.com/channel/UCM9ECBAZtlLeEr-m3ldZ7Tw/playlists,channel
154,UCL AI - https://www.youtube.com/c/UCLCentreforArtificialIntelligence/videos ,https://www.youtube.com/c/UCLCentreforArtificialIntelligence/videos,custom
155,NLP Zurich - https://www.youtube.com/channel/UCLLX-5j9UNYassOwS0nveDQ/videos ,https://www.youtube.com/channel/UCLLX-5j9UNYassOwS0nveDQ/videos,channel
156,PyCaret - https://www.youtube.com/channel/UCxA1YTYJ9BEeo50lxyI_B3g,https://www.youtube.com/channel/UCxA1YTYJ9BEeo50lxyI_B3g,channel
157,MadewithML - https://www.youtube.com/c/MadeWithML/videos,https://www.youtube.com/c/MadeWithML/videos,custom
158,MLConf - https://www.youtube.com/channel/UCjeM1xxYb_37bZfyparLS3Q/videos,https://www.youtube.com/channel/UCjeM1xxYb_37bZfyparLS3Q/videos,channel
159,Deepest - https://www.youtube.com/channel/UC5dfn9m310oyt-cbeegfvZw/videos ,https://www.youtube.com/channel/UC5dfn9m310oyt-cbeegfvZw/videos,channel
160,DS Portugal - https://www.youtube.com/channel/UCHh0Dt0uUKKJtdBvgGJB66A,https://www.youtube.com/channel/UCHh0Dt0uUKKJtdBvgGJB66A,channel
161,Artificial Images - https://www.youtube.com/user/bustbright/videos ,https://www.youtube.com/user/bustbright/videos,user
162,ML4ALL - https://www.youtube.com/c/ML4ALL,https://www.youtube.com/c/ML4ALL,custom
163,Jeff Heaton - https://www.youtube.com/c/HeatonResearch/videos ,https://www.youtube.com/c/HeatonResearch/videos,custom
164,Analytcsindiamagazine - https://www.youtube.com/c/Analyticsindiamagazine/videos,https://www.youtube.com/c/Analyticsindiamagazine/videos,custom
165,WeCNLP - https://www.youtube.com/channel/UCa8JYaJrsUbMO8kWJt2B7LQ/videos,https://www.youtube.com/channel/UCa8JYaJrsUbMO8kWJt2B7LQ/videos,channel
166,MLT - https://www.youtube.com/c/MLTOKYO/videos,https://www.youtube.com/c/MLTOKYO/videos,custom
167,Sentdex - https://www.youtube.com/c/sentdex/videos ,https://www.youtube.com/c/sentdex/videos,custom
168,Matroid - https://www.youtube.com/channel/UCR85FcguqcxLQ7XEg1byAtQ/videos,https://www.youtube.com/channel/UCR85FcguqcxLQ7XEg1byAtQ/videos,channel
169,Deep Learning Indaba - https://www.youtube.com/c/DeepLearningIndaba/videos ,https://www.youtube.com/c/DeepLearningIndaba/videos,custom
170,Code Emporium - https://www.youtube.com/c/CodeEmporium/videos ,https://www.youtube.com/c/CodeEmporium/videos,custom
171,Venelin Valkov - https://www.youtube.com/c/VenelinValkovBG,https://www.youtube.com/c/VenelinValkovBG,custom
172,Physics meets ML - https://www.youtube.com/channel/UCEugr9SHEXmvG8bg6e3y_bw,https://www.youtube.com/channel/UCEugr9SHEXmvG8bg6e3y_bw,channel
173,Joel Grus - https://www.youtube.com/c/JoelGrus/videos ,https://www.youtube.com/c/JoelGrus/videos,custom
174,Gradient Flow - https://www.youtube.com/c/GradientFlow,https://www.youtube.com/c/GradientFlow,custom
176,Towards Data Science - https://www.youtube.com/c/TowardsDataScience/videos ,https://www.youtube.com/c/TowardsDataScience/videos,custom
179,Mihaela van der Schaar - https://www.youtube.com/c/vanderSchaarLab/videos ,https://www.youtube.com/c/vanderSchaarLab/videos,custom
180,Ochieng Grivine (Nairobi) - https://www.youtube.com/channel/UCUS0WnK3cQZlfUC_2-AI8lw/videos ,https://www.youtube.com/channel/UCUS0WnK3cQZlfUC_2-AI8lw/videos,channel
181,Deep Learning at University of Wisconsin-Madison - https://www.youtube.com/channel/UCayl3MLmCHolyDMt43qg3WA/videos,https://www.youtube.com/channel/UCayl3MLmCHolyDMt43qg3WA/videos,channel
182,Microsoft Research - https://youtube.com/user/MicrosoftResearch,https://youtube.com/user/MicrosoftResearch,user
183,Bugout Dev - https://www.youtube.com/channel/UCLVwTlHSiTl05av2GIDPtvQ/videos ,https://www.youtube.com/channel/UCLVwTlHSiTl05av2GIDPtvQ/videos,channel
184,Saturn Cloud - https://www.youtube.com/channel/UCADT4bgaV94IVkpABEY7iiA/videos ,https://www.youtube.com/channel/UCADT4bgaV94IVkpABEY7iiA/videos,channel
186,Abacus AI - https://youtube.com/channel/UCWkeYEk-coq5acIssizfN2Q,https://youtube.com/channel/UCWkeYEk-coq5acIssizfN2Q,channel
187,OctoML - https://youtube.com/channel/UCbUrHpUyw2q5s-oe6t8ljnA,https://youtube.com/channel/UCbUrHpUyw2q5s-oe6t8ljnA,channel
188,Comarl - https://youtube.com/channel/UCGlIUMgFMYGNKuVyF97ltUQ,https://youtube.com/channel/UCGlIUMgFMYGNKuVyF97ltUQ,channel
189,Preserve Knowledge - https://youtube.com/c/PreserveKnowledge,https://youtube.com/c/PreserveKnowledge,custom
190,Machine Learning with Phil - https://youtube.com/c/MachineLearningwithPhil,https://youtube.com/c/MachineLearningwithPhil,custom
191,CLSP (JHU) - https://www.youtube.com/channel/UCWWiAEF7PMk-OK0-rwGITIg/playlists ,https://www.youtube.com/channel/UCWWiAEF7PMk-OK0-rwGITIg/playlists,channel
192,ACM - https://www.youtube.com/user/TheOfficialACM/playlists ,https://www.youtube.com/user/TheOfficialACM/playlists,user
193,ACM RecSys - https://www.youtube.com/channel/UC2nEn-yNA1BtdDNWziphPGA/videos ,https://www.youtube.com/channel/UC2nEn-yNA1BtdDNWziphPGA/videos,channel
194,altdeep - https://www.youtube.com/channel/UCopQd3S1UGsEwqs5Dy2kQwg/videos  - https://www.twitch.tv/altdeepai/videos ,https://www.youtube.com/channel/UCopQd3S1UGsEwqs5Dy2kQwg/videos,channel
195,Jay Alammar - https://www.youtube.com/channel/UCmOwsoHty5PrmE-3QhUBfPQ/videos ,https://www.youtube.com/channel/UCmOwsoHty5PrmE-3QhUBfPQ/videos,channel
196,Radical AI - https://youtube.com/channel/UCdZT3AdtIHfM8kX6FFSKkxQ,https://youtube.com/channel/UCdZT3AdtIHfM8kX6FFSKkxQ,channel
197,Augmented startups - https://youtube.com/channel/UCFJPdVHPZOYhSyxmX_C_Pew,https://youtube.com/channel/UCFJPdVHPZOYhSyxmX_C_Pew,channel
198,Dask - https://youtube.com/c/Dask-dev,https://youtube.com/c/Dask-dev,custom
200,Friends of Tracking - https://www.youtube.com/channel/UCUBFJYcag8j2rm_9HkrrA7w/videos ,https://www.youtube.com/channel/UCUBFJYcag8j2rm_9HkrrA7w/videos,channel
201,Normalised Nerd - https://youtube.com/c/NormalizedNerd,https://youtube.com/c/NormalizedNerd,custom
202,AI Coffee Break - https://www.youtube.com/c/AICoffeeBreak/videos ,https://www.youtube.com/c/AICoffeeBreak/videos,custom
203,Robert Monarch(NLP) -https://www.youtube.com/channel/UCjK2LOJJy9gomvzcfUFgdDA/videos ,https://www.youtube.com/channel/UCjK2LOJJy9gomvzcfUFgdDA/videos,channel
204,Data Professor - https://youtube.com/c/DataProfessor,https://youtube.com/c/DataProfessor,custom
205,Ken Jee - https://youtube.com/c/KenJee1,https://youtube.com/c/KenJee1,custom
206,Tina Huang - https://youtube.com/channel/UC2UXDak6o7rBm23k3Vv5dww,https://youtube.com/channel/UC2UXDak6o7rBm23k3Vv5dww,channel
207,Code Basics - https://youtube.com/c/codebasics,https://youtube.com/c/codebasics,custom
208,Andrew Mo - https://youtube.com/c/AndrewMoMoney,https://youtube.com/c/AndrewMoMoney,custom
210,Anaconda - https://youtube.com/c/ContinuumIo,https://youtube.com/c/ContinuumIo,custom
211,NVIDIA Developer - https://youtube.com/user/NVIDIADeveloper,https://youtube.com/user/NVIDIADeveloper,user
212,SambaNova - https://www.youtube.com/channel/UCuu0tV6DbiI1tYiSsXI_KeA/videos ,https://www.youtube.com/channel/UCuu0tV6DbiI1tYiSsXI_KeA/videos,channel
213,ClearML - https://www.youtube.com/c/ClearML/videos ,https://www.youtube.com/c/ClearML/videos,custom
214,Data Umbrella - https://youtube.com/c/DataUmbrella,https://youtube.com/c/DataUmbrella,custom
215,InstaDeep - https://www.youtube.com/channel/UCTEgowmo98A-VI53vwmkmhg/videos ,https://www.youtube.com/channel/UCTEgowmo98A-VI53vwmkmhg/videos,channel
216,Setu Chokshi (Global AI) - https://youtube.com/c/SetuChokshi,https://youtube.com/c/SetuChokshi,custom
217,Let’s talk data - https://www.youtube.com/c/TheInformationLabCoUK/featured ,https://www.youtube.com/c/TheInformationLabCoUK/featured,custom
218,Data science LA -  https://youtube.com/c/DataScienceLA,https://youtube.com/c/DataScienceLA,custom
219,Qubole - https://www.youtube.com/channel/UCdaKBmX6_bDFhsHjec_ovLQ,https://www.youtube.com/channel/UCdaKBmX6_bDFhsHjec_ovLQ,channel
220,Chicago ML - https://youtube.com/channel/UCH99twkwBNwN-IBQjoHwdCQ,https://youtube.com/channel/UCH99twkwBNwN-IBQjoHwdCQ,channel
221,NY AI School - https://www.youtube.com/channel/UCa3zFn8tzw6GaBKZUzifM9A/videos,https://www.youtube.com/channel/UCa3zFn8tzw6GaBKZUzifM9A/videos,channel
222,Data Festival - https://youtube.com/channel/UCYuxbq0trkgoaoN72eJi8dA,https://youtube.com/channel/UCYuxbq0trkgoaoN72eJi8dA,channel
223,Matthew Rocklin -  https://youtube.com/c/MatthewRocklin,https://youtube.com/c/MatthewRocklin,custom
224,RichardOnData - https://youtube.com/c/RichardOnData,https://youtube.com/c/RichardOnData,custom
225,DataPhilly - https://youtube.com/channel/UCvwDejnW-Q49xEb667JqS-g,https://youtube.com/channel/UCvwDejnW-Q49xEb667JqS-g,channel
226,Smita Kolan - https://youtube.com/c/SmithaKolan,https://youtube.com/c/SmithaKolan,custom
227,AIP Riken - https://www.youtube.com/channel/UCipPccqvcfychKNOaYUokyQ/videos ,https://www.youtube.com/channel/UCipPccqvcfychKNOaYUokyQ/videos,channel
228,MKAI - https://www.youtube.com/user/rfosterfletcher/videos ,https://www.youtube.com/user/rfosterfletcher/videos,user
229,Richard Foster (MKAI) - https://www.youtube.com/channel/UC62ScVTFf3GpDC5gXDesfEQ/videos ,https://www.youtube.com/channel/UC62ScVTFf3GpDC5gXDesfEQ/videos,channel
230,Language Technology CMU - https://youtube.com/c/LTIatCMU,https://youtube.com/c/LTIatCMU,custom
231,CMU AI - https://www.youtube.com/channel/UCLh3OUmBGe4wPyVZiI771ng/videos ,https://www.youtube.com/channel/UCLh3OUmBGe4wPyVZiI771ng/videos,channel
232,San Francisco Bay ACM - https://youtube.com/c/SfbayacmOrg,https://youtube.com/c/SfbayacmOrg,custom
233,ValleML - https://youtube.com/channel/UCY15whY8GyA3DgjZFPdHfAQ,https://youtube.com/channel/UCY15whY8GyA3DgjZFPdHfAQ,channel
234,Data Science Cornwall - https://www.youtube.com/channel/UCMxUmQFr0_dyW8JTLDiOeNQ/videos ,https://www.youtube.com/channel/UCMxUmQFr0_dyW8JTLDiOeNQ/videos,channel
235,OMLDS - https://youtube.com/channel/UCoTuN2KVQHpnAOO9nM9354Q,https://youtube.com/channel/UCoTuN2KVQHpnAOO9nM9354Q,channel
236,Hudson & Thames - https://www.youtube.com/channel/UC8hI87gt0dmTAIEupEcsckA/videos ,https://www.youtube.com/channel/UC8hI87gt0dmTAIEupEcsckA/videos,channel
237,Quant Inst - https://www.youtube.com/user/quantinsti/videos ,https://www.youtube.com/user/quantinsti/videos,user
238,Hong Kong ML - https://youtube.com/channel/UCywHr2wSEj3Fl0u81OIzEoQ,https://youtube.com/channel/UCywHr2wSEj3Fl0u81OIzEoQ,channel
239,Paris ML - https://youtube.com/user/IgorCarron,https://youtube.com/user/IgorCarron,user
241,Better Data Science - https://youtube.com/channel/UCzwWYDA9IuJ7iFrvbZsvRwQ,https://youtube.com/channel/UCzwWYDA9IuJ7iFrvbZsvRwQ,channel
242,Graph Neural Networks - https://youtube.com/channel/UCnmuSDY1pTlaFH1WRQElfTg,https://youtube.com/channel/UCnmuSDY1pTlaFH1WRQElfTg,channel
243,AI3SD - https://www.youtube.com/channel/UCXOkV943dmo6rSiVlo7lsBw ,https://www.youtube.com/channel/UCXOkV943dmo6rSiVlo7lsBw,channel
244,The data incubator - https://youtube.com/c/TheDataIncubatorVideos,https://youtube.com/c/TheDataIncubatorVideos,custom
245,Faculty - https://www.youtube.com/channel/UCaiUkj_9GAncPqJxvbBUkWA/videos ,https://www.youtube.com/channel/UCaiUkj_9GAncPqJxvbBUkWA/videos,channel
246,Jina AI - https://www.youtube.com/c/JinaAI/videos ,https://www.youtube.com/c/JinaAI/videos,custom
247,Data Umbrella - https://youtube.com/c/DataUmbrella,https://youtube.com/c/DataUmbrella,custom
248,DVC Org - https://youtube.com/channel/UC37rp97Go-xIX3aNFVHhXfQ,https://youtube.com/channel/UC37rp97Go-xIX3aNFVHhXfQ,channel
249,Zed statistics - https://youtube.com/c/zedstatistics,https://youtube.com/c/zedstatistics,custom
250,UK Data Service - https://www.youtube.com/user/UKDATASERVICE/videos ,https://www.youtube.com/user/UKDATASERVICE/videos,user
251,AI 4 Good - https://youtube.com/c/AIforGood,https://youtube.com/c/AIforGood,custom
252,Mrs Taylors Math - https://youtube.com/channel/UCvsgQp-CBn7qzjk6c4Pwoig,https://youtube.com/channel/UCvsgQp-CBn7qzjk6c4Pwoig,channel
253,Data Works MD - https://youtube.com/c/DataWorksMD,https://youtube.com/c/DataWorksMD,custom
254,Expert AI - https://youtube.com/c/expertai,https://youtube.com/c/expertai,custom
255,Story By Data - https://youtube.com/channel/UCU9GTVEPqlSNRDHypVf3BRw,https://youtube.com/channel/UCU9GTVEPqlSNRDHypVf3BRw,channel
256,QuantUniversity - https://www.youtube.com/channel/UCRlFeeFaSk7JiCSBYcFffGQ/videos  ,https://www.youtube.com/channel/UCRlFeeFaSk7JiCSBYcFffGQ/videos,channel
257,Daytum - https://www.youtube.com/channel/UCzXrjXfB1eSUNuw1O_GtFyQ/videos ,https://www.youtube.com/channel/UCzXrjXfB1eSUNuw1O_GtFyQ/videos,channel
258,London Business Analytics - https://www.youtube.com/c/LondonBusinessAnalyticsGroup/videos ,https://www.youtube.com/c/LondonBusinessAnalyticsGroup/videos,custom
259,Data Vault - https://youtube.com/channel/UCdhSsZWTwkX1-v8EX84WLYg,https://youtube.com/channel/UCdhSsZWTwkX1-v8EX84WLYg,channel
260,BigNumber - https://youtube.com/c/BigNumber,https://youtube.com/c/BigNumber,custom
261,DataTalks.Club - https://youtube.com/channel/UCDvErgK0j5ur3aLgn6U-LqQ,https://youtube.com/channel/UCDvErgK0j5ur3aLgn6U-LqQ,channel
262,Locally Optimistic - https://youtube.com/channel/UC13e1OgG_dOE3BI481swWPg,https://youtube.com/channel/UC13e1OgG_dOE3BI481swWPg,channel
263,Data Natives - https://www.youtube.com/channel/UC8x0-23MLoRgs5ee4uias4w/videos ,https://www.youtube.com/channel/UC8x0-23MLoRgs5ee4uias4w/videos,channel
264,GeoStatsGuy - https://youtube.com/c/GeostatsGuyLectures,https://youtube.com/c/GeostatsGuyLectures,custom
265,Steve Brunton - https://youtube.com/c/Eigensteve,https://youtube.com/c/Eigensteve,custom
266,BlazingSQL - https://www.youtube.com/channel/UCjxMdJuZ6d-c-X6xiWpN1eg/videos,https://www.youtube.com/channel/UCjxMdJuZ6d-c-X6xiWpN1eg/videos,channel
267,Ben Lambert - https://youtube.com/user/SpartacanUsuals,https://youtube.com/user/SpartacanUsuals,user
268,Brady Neal Causal Inference - https://www.youtube.com/c/BradyNealCausalInference/videos ,https://www.youtube.com/c/BradyNealCausalInference/videos,custom
269,Xanadu - https://youtube.com/c/XanaduAI,https://youtube.com/c/XanaduAI,custom
270,BigML - https://www.youtube.com/user/bigmlcom/videos ,https://www.youtube.com/user/bigmlcom/videos,user
271,DataCouncil - https://www.youtube.com/c/DataCouncil/videos ,https://www.youtube.com/c/DataCouncil/videos,custom
272,TFUG India - https://www.youtube.com/c/TFUGIndia/videos ,https://www.youtube.com/c/TFUGIndia/videos,custom
273,Online Causal Inference - https://youtube.com/channel/UCiiOj5GSES6uw21kfXnxj3A,https://youtube.com/channel/UCiiOj5GSES6uw21kfXnxj3A,channel
275,Jean Golding Institute (Bristol) - https://www.youtube.com/channel/UCNYDS8tsCxZT0dYShMASPMg/videos,https://www.youtube.com/channel/UCNYDS8tsCxZT0dYShMASPMg/videos,channel
276,Graph Neural Networks UG - https://youtube.com/channel/UCnmuSDY1pTlaFH1WRQElfTg,https://youtube.com/channel/UCnmuSDY1pTlaFH1WRQElfTg,channel
277,ClarifyAI - https://youtube.com/channel/UCGmfV4cQHwk6qCnLEYfgzIA,https://youtube.com/channel/UCGmfV4cQHwk6qCnLEYfgzIA,channel
278,Data Talks - https://youtube.com/c/DataTalks,https://youtube.com/c/DataTalks,custom
279,Inference Podcast - https://www.youtube.com/channel/UCU-KsNFmnZ_v3RZ7MKvCzDg/featured,https://www.youtube.com/channel/UCU-KsNFmnZ_v3RZ7MKvCzDg/featured,channel
280,BigNumber - https://www.youtube.com/c/BigNumber/videos,https://www.youtube.com/c/BigNumber/videos,custom
281,San Diego ML (Ryan Chester) - https://youtube.com/c/ITConnected,https://youtube.com/c/ITConnected,custom
282,Full Stack Deep learning - https://youtube.com/c/FullStackDeepLearning,https://youtube.com/c/FullStackDeepLearning,custom
283,Are you a robot - https://youtube.com/channel/UCzGSxIDNn8y856c6b2DkOOg,https://youtube.com/channel/UCzGSxIDNn8y856c6b2DkOOg,channel
284,Data Science Festival - https://www.youtube.com/c/DataScienceFestival/videos ,https://www.youtube.com/c/DataScienceFestival/videos,custom
285,ACM IKDD - https://youtube.com/channel/UCKSVa5Qf5xt1uFVsAPLAlcQ,https://youtube.com/channel/UCKSVa5Qf5xt1uFVsAPLAlcQ,channel
286,John Snow Labs - https://www.youtube.com/channel/UCmFOjlpYEhxf_wJUDuz6xxQ ,https://www.youtube.com/channel/UCmFOjlpYEhxf_wJUDuz6xxQ,channel
287,AI Guild - https://youtube.com/channel/UCTOUs2QL5qEnh_Y10Y4lhEw,https://youtube.com/channel/UCTOUs2QL5qEnh_Y10Y4lhEw,channel
288,PRAIRIE - https://www.youtube.com/channel/UCckAS10l0cnVW9s9_ZWv8NQ/videos ,https://www.youtube.com/channel/UCckAS10l0cnVW9s9_ZWv8NQ/videos,channel
289,AI Pathshala (Data Science Nasscom)- https://www.youtube.com/channel/UCrzoexW3ynjSHsyLN6nRIPw/videos,https://www.youtube.com/channel/UCrzoexW3ynjSHsyLN6nRIPw/videos,channel
290,Artificial Images - https://www.youtube.com/user/bustbright/videos ,https://www.youtube.com/user/bustbright/videos,user
291,Stylianos Kampakis - https://youtube.com/channel/UClyTBR1b0ZEcZgWEhFf2POg,https://youtube.com/channel/UClyTBR1b0ZEcZgWEhFf2POg,channel
292,Seattle data guy - https://youtube.com/channel/UCmLGJ3VYBcfRaWbP6JLJcpA ,https://youtube.com/channel/UCmLGJ3VYBcfRaWbP6JLJcpA,channel
293,Inference podcast - https://youtube.com/channel/UCU-KsNFmnZ_v3RZ7MKvCzDg,https://youtube.com/channel/UCU-KsNFmnZ_v3RZ7MKvCzDg,channel
294,Jupyter/ipython - https://youtube.com/c/ipython,https://youtube.com/c/ipython,custom
295,Open Data Cube - https://www.youtube.com/channel/UCZcdqejeGkDBK2nP-9TWshw/videos,https://www.youtube.com/channel/UCZcdqejeGkDBK2nP-9TWshw/videos,channel
296,Neuralmagic - https://www.youtube.com/channel/UCo8dO_WMGYbWCRnj_Dxr4EA/videos ,https://www.youtube.com/channel/UCo8dO_WMGYbWCRnj_Dxr4EA/videos,channel
297,Data School - https://www.youtube.com/c/dataschool/videos,https://www.youtube.com/c/dataschool/videos,custom
298,Pieter Abbeel - https://www.youtube.com/c/PieterAbbeel/videos ,https://www.youtube.com/c/PieterAbbeel/videos,custom
299,Vision & Graphics MIT - https://youtube.com/channel/UCLMiFkFyfcNnZs6iwYLPI9g,https://youtube.com/channel/UCLMiFkFyfcNnZs6iwYLPI9g,channel
300,Mirco Ravanelli - https://youtube.com/channel/UCuILYomPibJ9KW1s2iLLQgg,https://youtube.com/channel/UCuILYomPibJ9KW1s2iLLQgg,channel
301,Matlab - https://www.youtube.com/c/matlab/videos ,https://www.youtube.com/c/matlab/videos,custom
302,ContinualAI - https://youtube.com/c/ContinualAI,https://youtube.com/c/ContinualAI,custom
303,Google Earth - https://youtube.com/googleearth,https://youtube.com/googleearth,channel
304,ACM Recsys - https://youtube.com/channel/UC2nEn-yNA1BtdDNWziphPGA,https://youtube.com/channel/UC2nEn-yNA1BtdDNWziphPGA,channel
305,AI42 - https://www.youtube.com/channel/UCYSVVM0ASUGDTeontl4pbxA/videos ,https://www.youtube.com/channel/UCYSVVM0ASUGDTeontl4pbxA/videos,channel
306,Cospar 2021 - https://www.youtube.com/user/jumbofrog/videos,https://www.youtube.com/user/jumbofrog/videos,user
